vteCoffee,vteCoffee.1
Topics,Economics Fair trade History International Coffee Day Single-origin coffee Third-wave coffee
Production,Coffee production Organic coffee Shade-grown coffee Sustainable coffee List of countries by coffee production Coffee roasting Coffee wastewater Decaffeination Home roasting
Species and varieties,Arabica Benguet Blue Mountain Bonifieur Bourbon Geisha Kona Maracaturra Maragogipe Molokai S795 Sagada Charrieriana Liberica Barako Racemosa Robusta Sulu Stenophylla
Components,Cafestol Caffeic acid Caffeine Coffee bean Furan-2-ylmethanethiol Kahweol
Preparation,AeroPress Arabic coffee Jebena Brewed coffee Chemex Cezve Chorreador Coffeemaker Cold brew nitro Drip coffee Espresso doppio lungo ristretto Espresso machine French drip Karlsbad coffee maker French press Instant coffee Coffee syrup Knockbox Moka pot Neapolitan flip coffee pot Percolator Turkish coffee Yazdi coffee Vacuum maker Single-serve coffee container
Coffee drinks,Affogato Americano Beaten coffee Bica Bicerin Black Russian Cà phê sữa đá Café au lait Café com cheirinho Café con leche Café de olla Café Touba Caffè corretto Caffè crema Caffè macchiato Caffè mocha Cappuccino Carajillo Coffee cabinet Coffee milk Cortado Café Cubano Dalgona coffee Egg coffee Einspänner Espresso Flat white Frappé coffee Frappuccino Galão Garoto Gassosa al caffè Iced coffee Indian filter coffee Ipoh white coffee Irish coffee Karsk Kopi Kopi luwak Kopi tubruk Kurdish coffee Latte macchiato Latte Liqueur coffee Long black Lungo Marocchino Mazagran Moretta Oliang Raf coffee Red eye Ristretto Rüdesheimer Kaffee Tenom coffee Turkish coffee White coffee White Russian Wiener Melange Yazdi coffee Yuenyeung
Organization lists,Bakery cafés Coffee companies Coffeehouses
Lifestyle,Barista Bikini barista Caffè sospeso Coffee break Coffee ceremony of Ethiopia and Eritrea CoffeeCon Coffee culture Australia Former Yugoslavia Coffee cupping Coffee palace Coffeehouse Historical coffeehouses Kopi tiam Latte art Viennese coffee house
Substitutes,Barley coffee Barley tea Barleycup Caro Cereal coffee Chicory Dandelion coffee Inka Maya nut Postum Qishr
Serving vessels,Coffee cup sleeve Cezve Demitasse spoon Tasse à café Zarf
Competitions,United States Barista Championship World Barista Championship World Brewers Cup
Misc.,Canned coffee Coffee and doughnuts Coffee bag Coffee leaf rust Coffee service Coffee vending machine Coffee wars Gustav III of Sweden's coffee experiment International Coffee Organization Low acid coffee Specialty coffee Sustainable coffee Used coffee grounds
Coffee portal  Category: Coffee,Coffee portal  Category: Coffee
